antecedents,consequents,support,confidence,leverage,lift,antecedent_len
frozenset({'decreased heart rate'}),frozenset({'shortness of breath'}),0.004592115653283119,0.5187161698559122,0.0038262215056173643,5.9957575955877,1
frozenset({'decreased heart rate'}),frozenset({'chest tightness'}),0.003502804268156877,0.3956697415567584,0.003167259161952866,10.43914574640578,1
frozenset({'decreased heart rate'}),frozenset({'dizziness'}),0.0034062915494003387,0.3847678585042311,0.0027854264507363455,5.486363393159251,1
frozenset({'decreased heart rate'}),frozenset({'weakness'}),0.0030229403308429004,0.3414652740718152,0.0026089386497432383,7.30175858903141,1
frozenset({'decreased heart rate'}),frozenset({'sharp chest pain'}),0.004401114958121579,0.49714111458412746,0.003539646111496808,5.108849815480987,1
frozenset({'decreased heart rate'}),frozenset({'irregular heartbeat'}),0.0034002173223457314,0.3840817260044217,0.0031786795198949697,15.348248852930888,1
