antecedents,consequents,support,confidence,leverage,lift,antecedent_len
frozenset({'ankle swelling'}),frozenset({'ankle pain'}),0.0041311493112501435,0.48897587474037385,0.003994345428163595,30.19760271451191,1
frozenset({'ankle swelling'}),frozenset({'leg swelling'}),0.003186269547200119,0.37713692283112316,0.0029816510350060203,15.57175601090122,1
frozenset({'ankle swelling'}),frozenset({'knee pain'}),0.0039698448372444605,0.46988336795015173,0.003695193593637016,14.454130209286467,1
frozenset({'ankle swelling'}),frozenset({'knee swelling'}),0.0037498228350442407,0.44384086914842624,0.0036199298516868053,28.86855577660881,1
frozenset({'ankle swelling'}),frozenset({'foot or toe pain'}),0.0030830076872717946,0.36491452308675504,0.0028406700317541913,12.721950621692995,1
frozenset({'irregular appearing nails'}),frozenset({'foot or toe swelling'}),0.003046562324944151,0.3701517015170152,0.0029051392843073695,21.542192214412033,1
frozenset({'irregular appearing nails'}),frozenset({'foot or toe pain'}),0.0034461114823138754,0.4186961869618696,0.0032100268274938425,14.596931278489254,1
frozenset({'irregular appearing nails'}),frozenset({'abnormal appearing skin'}),0.003161297724864511,0.3840918409184092,0.002615042273075392,5.7872149641902775,1
