antecedents,consequents,support,confidence,leverage,lift,antecedent_len
frozenset({'ringing in ear'}),frozenset({'ear pain'}),0.005734745253666471,0.5196941896024465,0.005263194707541071,12.161464557272362,1
frozenset({'ringing in ear'}),frozenset({'diminished hearing'}),0.005547794043208001,0.5027522935779817,0.005304116894956739,22.766985263170884,1
frozenset({'ringing in ear'}),frozenset({'redness in ear'}),0.0035007795258053414,0.3172477064220184,0.003367549888436631,26.27628202662597,1
frozenset({'ringing in ear'}),frozenset({'plugged feeling in ear'}),0.005233284064602779,0.4742507645259939,0.005044733853340907,27.755386905053104,1
frozenset({'ringing in ear'}),frozenset({'nasal congestion'}),0.003356347904729123,0.30415902140672785,0.002634998305163961,4.6528727634317235,1
frozenset({'ringing in ear'}),frozenset({'fluid in ear'}),0.004185817354741609,0.37932721712538225,0.004045579550970978,29.84799563452815,1
