antecedents,consequents,support,confidence,leverage,lift
frozenset({'pain during intercourse'}),frozenset({'vaginal itching'}),0.002223167101986272,0.3769309989701338,0.00209755631152578,17.69885448404621
frozenset({'vaginal redness'}),frozenset({'painful urination'}),0.002512030344138708,0.48749181401440733,0.002331392803630252,13.906468927045184
frozenset({'vaginal redness'}),frozenset({'vaginal discharge'}),0.0022143932184629507,0.4297314996725606,0.0020745191090730856,15.831330244905216
frozenset({'vaginal redness'}),frozenset({'suprapubic pain'}),0.0026794090451989984,0.5199738048461034,0.0025056784387577314,15.422780706776757
frozenset({'vaginal redness'}),frozenset({'sharp abdominal pain'}),0.0025295781111853515,0.4908971840209561,0.0018543227106720224,3.746105709428413
frozenset({'vaginal redness'}),frozenset({'vaginal itching'}),0.002236665384329844,0.4340537000654879,0.0021269230356439693,20.38105992001367
frozenset({'vaginal redness'}),frozenset({'pain during pregnancy'}),0.0020996578185425905,0.4074656188605108,0.0019913065945429574,19.378256571884222
frozenset({'infertility'}),frozenset({'lower abdominal pain'}),0.0021131561008861624,0.4411723263350712,0.0018229523274393973,7.281628614914615
